harcerze,m
panowie,m
czytelnicy,m
kartofle,m
sukienki,m
książki,m
lasy,m
konie,m
chmury,m
piwa,m
stopy,m
gęsi,m
wszy,m
myszy,m
mężczyźni,m
woły,m
ludzie,m
zęby,m
kobiety,m
drzwi,m
usta,m
głośniki,m
męty,m
okulary,m
nogawki,m
spodnie,m
płozy,m
szydełka,m
ferie,m
wakacje,m
walentynki,m
andrzejki,m
wnętrzności,m
fusy,m
finanse,m
sanie,m
skrzypce,m
śmietniki,m
komputery,m
perfumy,m
urodziny,m
zaręczyny,m
plecy,m
szachy,m
włochy,m
alpy,m
nożyce,m
schody,m
majtki,m
kredensy,m
giermek,p
księżyc,p
ołówek,p
lalka,p
sikorka,p
panienka,p
biurko,p
kociątko,p
jezioro,p
las,p
koń,p
chmura,p
piwo,p
stopa,p
gęś,p
wesz,p
mysz,p
mężczyzna,p
wół,p
człowiek,p
ząb,p
kobieta,p
młodzież,p
duchowieństwo,p
inteligencja,p
ryż,p
kasza,p
pieprz,p
bawełna,p
platyna,p
duma,p
nienawiść,p
zazdrość,p
wisła,p
kraków,p
polska,p
powietrze,p
tlen,p
twaróg,p
komputer,p
skarpeta,p
głośnik,p
cytryna,p
podkładka,p
klawiatura,p
szklanka,p
kubek,p
widelec,p
nóż,p
łoże,p